<?xml version="1.0" encoding="UTF-8"?>
<Configuration status="info">
    <Appenders>
        <Console name="Console" target="SYSTEM_OUT">
            <PatternLayout pattern="%d{yyyy-MM-dd HH:mm:ss.SSS} [%t] %-5level %logger{36} - %msg%n"/>
        </Console>
        
        <File name="File" fileName="logs/myapp.log" append="true">
            <PatternLayout pattern="%d{yyyy-MM-dd HH:mm:ss.SSS} [%t] %-5level %logger{36} - %msg%n"/>
        </File>
    </Appenders>
    
    <Loggers>
        <Logger name="com.aop.MyApp" level="debug" additivity="false">
            <AppenderRef ref="Console" />
            <AppenderRef ref="File" />
        </Logger>
        
        <Root level="warn">
            <AppenderRef ref="Console" />
        </Root>
    </Loggers>
</Configuration>
